-- Insert mock data for creative_insights
INSERT INTO public.creative_insights (
  creative_name, campaign_name, ad_id, campaign_id, adset_name, status,
  amount_spent, views_3s, views_75_percent, views_total, impressions, clicks,
  ph_hook_rate, hook_rate, body_rate, cta_rate, ctr, cost_per_click, cost_per_mille,
  date_reported
) VALUES
('Creative Hero Video A', 'Campanha Black Friday 2024', 'ad_001', 'camp_001', 'Adset Teste A', 'active', 2500.00, 12500, 8200, 15000, 85000, 1200, 0.75, 0.68, 0.45, 0.38, 1.41, 2.08, 29.41, '2024-01-15'),
('Creative Carousel B', 'Campanha Natal 2024', 'ad_002', 'camp_002', 'Adset Teste B', 'active', 1800.50, 9800, 6400, 11200, 65000, 890, 0.82, 0.71, 0.52, 0.41, 1.37, 2.02, 27.69, '2024-01-16'),
('Creative Story C', 'Campanha Janeiro 2025', 'ad_003', 'camp_003', 'Adset Teste C', 'paused', 3200.75, 18000, 11500, 20000, 120000, 1650, 0.68, 0.62, 0.38, 0.32, 1.38, 1.94, 26.67, '2024-01-17'),
('Creative Reel D', 'Campanha Verão 2025', 'ad_004', 'camp_004', 'Adset Teste D', 'active', 4100.25, 22000, 14800, 25000, 145000, 2100, 0.79, 0.74, 0.48, 0.42, 1.45, 1.95, 28.28, '2024-01-18'),
('Creative Image E', 'Campanha Páscoa 2025', 'ad_005', 'camp_005', 'Adset Teste E', 'active', 1450.80, 7200, 4900, 8500, 48000, 680, 0.71, 0.65, 0.41, 0.35, 1.42, 2.13, 30.21, '2024-01-19'),
('Creative Video F', 'Campanha Mães 2025', 'ad_006', 'camp_006', 'Adset Teste F', 'active', 2850.60, 15200, 9800, 17500, 98000, 1380, 0.77, 0.69, 0.44, 0.37, 1.41, 2.07, 29.08, '2024-01-20'),
('Creative Slideshow G', 'Campanha Pais 2025', 'ad_007', 'camp_007', 'Adset Teste G', 'paused', 1920.40, 9600, 6100, 11000, 62000, 850, 0.73, 0.66, 0.39, 0.33, 1.37, 2.26, 30.97, '2024-01-21'),
('Creative Collection H', 'Campanha Volta às Aulas', 'ad_008', 'camp_008', 'Adset Teste H', 'active', 3850.90, 19500, 12800, 22000, 135000, 1950, 0.81, 0.76, 0.51, 0.44, 1.44, 1.97, 28.52, '2024-01-22'),
('Creative UGC I', 'Campanha Inverno 2025', 'ad_009', 'camp_009', 'Adset Teste I', 'active', 2180.35, 11800, 7600, 13500, 75000, 1050, 0.74, 0.67, 0.42, 0.36, 1.40, 2.08, 29.07, '2024-01-23'),
('Creative Testimonial J', 'Campanha Primavera 2025', 'ad_010', 'camp_010', 'Adset Teste J', 'active', 3420.15, 17200, 11200, 19500, 115000, 1680, 0.78, 0.72, 0.46, 0.39, 1.46, 2.04, 29.74, '2024-01-24'),
('Creative Demo K', 'Campanha Cyber Monday', 'ad_011', 'camp_011', 'Adset Teste K', 'active', 2750.85, 14500, 9300, 16500, 92000, 1280, 0.76, 0.70, 0.43, 0.37, 1.39, 2.15, 29.89, '2024-01-25'),
('Creative Tutorial L', 'Campanha Outubro Rosa', 'ad_012', 'camp_012', 'Adset Teste L', 'paused', 1680.20, 8900, 5700, 10200, 58000, 780, 0.72, 0.64, 0.40, 0.34, 1.34, 2.15, 28.97, '2024-01-26'),
('Creative Behind Scenes M', 'Campanha Novembro Azul', 'ad_013', 'camp_013', 'Adset Teste M', 'active', 3950.45, 20500, 13400, 23000, 140000, 2050, 0.80, 0.75, 0.49, 0.43, 1.46, 1.93, 28.25, '2024-01-27'),
('Creative Live Action N', 'Campanha Fim de Ano', 'ad_014', 'camp_014', 'Adset Teste N', 'active', 2290.70, 12200, 7900, 14000, 78000, 1120, 0.75, 0.68, 0.44, 0.38, 1.44, 2.05, 29.36, '2024-01-28'),
('Creative Animation O', 'Campanha Carnaval 2025', 'ad_015', 'camp_015', 'Adset Teste O', 'active', 3150.30, 16800, 10900, 19000, 108000, 1580, 0.77, 0.71, 0.47, 0.40, 1.46, 1.99, 29.17, '2024-01-29'),
('Creative Stop Motion P', 'Campanha São João', 'ad_016', 'camp_016', 'Adset Teste P', 'active', 1850.95, 9700, 6200, 11100, 64000, 880, 0.73, 0.66, 0.41, 0.35, 1.38, 2.10, 28.91, '2024-01-30'),
('Creative 360 Q', 'Campanha Festa Junina', 'ad_017', 'camp_017', 'Adset Teste Q', 'paused', 2680.40, 14200, 9100, 16200, 89000, 1250, 0.76, 0.69, 0.43, 0.37, 1.40, 2.14, 30.11, '2024-01-31'),
('Creative Interactive R', 'Campanha Copa América', 'ad_018', 'camp_018', 'Adset Teste R', 'active', 4250.80, 23000, 15200, 26000, 150000, 2200, 0.82, 0.77, 0.52, 0.45, 1.47, 1.93, 28.33, '2024-02-01');

-- Insert mock data for creative_sales
INSERT INTO public.creative_sales (
  order_id, creative_name, customer_name, customer_email, customer_phone,
  gross_value, net_value, discount_value, tax_value, payment_method, status,
  country, state, affiliate_id, affiliate_name, affiliate_commission,
  commission_value_produtor, comission_value_coprodutor, is_affiliate, tags,
  sale_date
) VALUES
('ORD001', 'Creative Hero Video A', 'João Silva', 'joao.silva@email.com', '+5511999887766', 297.00, 267.30, 29.70, 0.00, 'credit_card', 'completed', 'Brasil', 'SP', null, null, 0.00, 25.20, 12.60, false, '{"ecommerce", "alta-conversao"}', '2024-01-15 10:30:00'),
('ORD002', 'Creative Carousel B', 'Maria Santos', 'maria.santos@email.com', '+5511988776655', 197.00, 177.30, 19.70, 0.00, 'pix', 'completed', 'Brasil', 'RJ', 'AFF001', 'Afiliado Top', 39.40, 17.73, 8.87, true, '{"digital", "promocao"}', '2024-01-15 14:22:00'),
('ORD003', 'Creative Story C', 'Pedro Costa', 'pedro.costa@email.com', '+5511977665544', 497.00, 447.30, 49.70, 0.00, 'boleto', 'completed', 'Brasil', 'MG', null, null, 0.00, 42.20, 21.10, false, '{"premium", "alta-qualidade"}', '2024-01-16 09:15:00'),
('ORD004', 'Creative Reel D', 'Ana Oliveira', 'ana.oliveira@email.com', '+5511966554433', 147.00, 132.30, 14.70, 0.00, 'credit_card', 'completed', 'Brasil', 'RS', 'AFF002', 'Mega Vendas', 29.40, 13.23, 6.62, true, '{"basico", "entrada"}', '2024-01-16 16:45:00'),
('ORD005', 'Creative Image E', 'Carlos Lima', 'carlos.lima@email.com', '+5511955443322', 297.00, 267.30, 29.70, 0.00, 'pix', 'completed', 'Brasil', 'PR', null, null, 0.00, 25.20, 12.60, false, '{"ecommerce", "conversao"}', '2024-01-17 11:20:00'),
('ORD006', 'Creative Video F', 'Fernanda Souza', 'fernanda.souza@email.com', '+5511944332211', 697.00, 627.30, 69.70, 0.00, 'credit_card', 'completed', 'Brasil', 'SC', 'AFF003', 'Super Afiliados', 139.40, 62.73, 31.37, true, '{"vip", "premium"}', '2024-01-17 13:30:00'),
('ORD007', 'Creative Slideshow G', 'Roberto Pereira', 'roberto.pereira@email.com', '+5511933221100', 197.00, 177.30, 19.70, 0.00, 'debit_card', 'completed', 'Brasil', 'BA', null, null, 0.00, 17.73, 8.87, false, '{"digital", "rapido"}', '2024-01-18 08:45:00'),
('ORD008', 'Creative Collection H', 'Juliana Mendes', 'juliana.mendes@email.com', '+5511922110099', 397.00, 357.30, 39.70, 0.00, 'pix', 'completed', 'Brasil', 'GO', 'AFF001', 'Afiliado Top', 79.40, 35.73, 17.87, true, '{"intermediario", "popular"}', '2024-01-18 15:10:00'),
('ORD009', 'Creative UGC I', 'Marcos Rodrigues', 'marcos.rodrigues@email.com', '+5511911009988', 147.00, 132.30, 14.70, 0.00, 'credit_card', 'completed', 'Brasil', 'PE', null, null, 0.00, 13.23, 6.62, false, '{"basico", "iniciante"}', '2024-01-19 12:25:00'),
('ORD010', 'Creative Testimonial J', 'Camila Ferreira', 'camila.ferreira@email.com', '+5511900998877', 497.00, 447.30, 49.70, 0.00, 'boleto', 'completed', 'Brasil', 'CE', 'AFF004', 'Elite Sales', 99.40, 44.73, 22.37, true, '{"premium", "destaque"}', '2024-01-19 17:40:00'),
('ORD011', 'Creative Demo K', 'Gustavo Alves', 'gustavo.alves@email.com', '+5511899887766', 297.00, 267.30, 29.70, 0.00, 'pix', 'completed', 'Brasil', 'DF', null, null, 0.00, 25.20, 12.60, false, '{"ecommerce", "teste"}', '2024-01-20 10:15:00'),
('ORD012', 'Creative Tutorial L', 'Larissa Barbosa', 'larissa.barbosa@email.com', '+5511888776655', 197.00, 177.30, 19.70, 0.00, 'credit_card', 'completed', 'Brasil', 'MT', 'AFF002', 'Mega Vendas', 39.40, 17.73, 8.87, true, '{"digital", "tutorial"}', '2024-01-20 14:50:00'),
('ORD013', 'Creative Behind Scenes M', 'Thiago Cardoso', 'thiago.cardoso@email.com', '+5511877665544', 697.00, 627.30, 69.70, 0.00, 'pix', 'completed', 'Brasil', 'ES', null, null, 0.00, 62.73, 31.37, false, '{"vip", "exclusivo"}', '2024-01-21 09:30:00'),
('ORD014', 'Creative Live Action N', 'Bianca Rocha', 'bianca.rocha@email.com', '+5511866554433', 147.00, 132.30, 14.70, 0.00, 'debit_card', 'completed', 'Brasil', 'AL', 'AFF005', 'Pro Vendedores', 29.40, 13.23, 6.62, true, '{"basico", "action"}', '2024-01-21 16:20:00'),
('ORD015', 'Creative Animation O', 'Rafael Nascimento', 'rafael.nascimento@email.com', '+5511855443322', 397.00, 357.30, 39.70, 0.00, 'credit_card', 'completed', 'Brasil', 'PB', null, null, 0.00, 35.73, 17.87, false, '{"intermediario", "animacao"}', '2024-01-22 11:45:00'),
('ORD016', 'Creative Stop Motion P', 'Natália Freitas', 'natalia.freitas@email.com', '+5511844332211', 297.00, 267.30, 29.70, 0.00, 'pix', 'completed', 'Brasil', 'RN', 'AFF003', 'Super Afiliados', 59.40, 26.73, 13.37, true, '{"ecommerce", "motion"}', '2024-01-22 13:15:00'),
('ORD017', 'Creative 360 Q', 'Diego Martins', 'diego.martins@email.com', '+5511833221100', 197.00, 177.30, 19.70, 0.00, 'boleto', 'completed', 'Brasil', 'SE', null, null, 0.00, 17.73, 8.87, false, '{"digital", "360"}', '2024-01-23 08:20:00'),
('ORD018', 'Creative Interactive R', 'Vanessa Castro', 'vanessa.castro@email.com', '+5511822110099', 497.00, 447.30, 49.70, 0.00, 'credit_card', 'completed', 'Brasil', 'PI', 'AFF001', 'Afiliado Top', 99.40, 44.73, 22.37, true, '{"premium", "interativo"}', '2024-01-23 15:35:00'),
('ORD019', 'Creative Hero Video A', 'Leonardo Silva', 'leonardo.silva@email.com', '+5511811009988', 147.00, 132.30, 14.70, 0.00, 'pix', 'completed', 'Brasil', 'MA', null, null, 0.00, 13.23, 6.62, false, '{"basico", "hero"}', '2024-01-24 12:10:00'),
('ORD020', 'Creative Carousel B', 'Patrícia Gomes', 'patricia.gomes@email.com', '+5511800998877', 297.00, 267.30, 29.70, 0.00, 'debit_card', 'completed', 'Brasil', 'TO', 'AFF004', 'Elite Sales', 59.40, 26.73, 13.37, true, '{"ecommerce", "carousel"}', '2024-01-24 16:55:00'),
('ORD021', 'Creative Story C', 'Bruno Carvalho', 'bruno.carvalho@email.com', '+5511799887766', 697.00, 627.30, 69.70, 0.00, 'credit_card', 'completed', 'Brasil', 'AP', null, null, 0.00, 62.73, 31.37, false, '{"vip", "story"}', '2024-01-25 10:40:00'),
('ORD022', 'Creative Reel D', 'Isabela Santos', 'isabela.santos@email.com', '+5511788776655', 197.00, 177.30, 19.70, 0.00, 'pix', 'completed', 'Brasil', 'RR', 'AFF002', 'Mega Vendas', 39.40, 17.73, 8.87, true, '{"digital", "reel"}', '2024-01-25 14:25:00'),
('ORD023', 'Creative Image E', 'André Ribeiro', 'andre.ribeiro@email.com', '+5511777665544', 397.00, 357.30, 39.70, 0.00, 'boleto', 'completed', 'Brasil', 'AC', null, null, 0.00, 35.73, 17.87, false, '{"intermediario", "imagem"}', '2024-01-26 09:50:00'),
('ORD024', 'Creative Video F', 'Priscila Lima', 'priscila.lima@email.com', '+5511766554433', 147.00, 132.30, 14.70, 0.00, 'credit_card', 'completed', 'Brasil', 'RO', 'AFF005', 'Pro Vendedores', 29.40, 13.23, 6.62, true, '{"basico", "video"}', '2024-01-26 13:30:00'),
('ORD025', 'Creative Slideshow G', 'Henrique Costa', 'henrique.costa@email.com', '+5511755443322', 497.00, 447.30, 49.70, 0.00, 'pix', 'completed', 'Brasil', 'AM', null, null, 0.00, 44.73, 22.37, false, '{"premium", "slideshow"}', '2024-01-27 11:15:00'),
('ORD026', 'Creative Collection H', 'Gabriela Pereira', 'gabriela.pereira@email.com', '+5511744332211', 297.00, 267.30, 29.70, 0.00, 'debit_card', 'completed', 'Brasil', 'PA', 'AFF003', 'Super Afiliados', 59.40, 26.73, 13.37, true, '{"ecommerce", "colecao"}', '2024-01-27 15:45:00'),
('ORD027', 'Creative UGC I', 'Lucas Fernandes', 'lucas.fernandes@email.com', '+5511733221100', 197.00, 177.30, 19.70, 0.00, 'credit_card', 'completed', 'Brasil', 'SP', null, null, 0.00, 17.73, 8.87, false, '{"digital", "ugc"}', '2024-01-28 08:35:00'),
('ORD028', 'Creative Testimonial J', 'Renata Almeida', 'renata.almeida@email.com', '+5511722110099', 697.00, 627.30, 69.70, 0.00, 'boleto', 'completed', 'Brasil', 'RJ', 'AFF001', 'Afiliado Top', 139.40, 62.73, 31.37, true, '{"vip", "testimonial"}', '2024-01-28 12:20:00'),
('ORD029', 'Creative Demo K', 'Felipe Monteiro', 'felipe.monteiro@email.com', '+5511711009988', 147.00, 132.30, 14.70, 0.00, 'pix', 'completed', 'Brasil', 'MG', null, null, 0.00, 13.23, 6.62, false, '{"basico", "demo"}', '2024-01-29 16:10:00'),
('ORD030', 'Creative Tutorial L', 'Amanda Sousa', 'amanda.sousa@email.com', '+5511700998877', 397.00, 357.30, 39.70, 0.00, 'credit_card', 'completed', 'Brasil', 'RS', 'AFF004', 'Elite Sales', 79.40, 35.73, 17.87, true, '{"intermediario", "tutorial"}', '2024-01-29 18:50:00'),
('ORD031', 'Creative Behind Scenes M', 'Rodrigo Machado', 'rodrigo.machado@email.com', '+5511699887766', 297.00, 267.30, 29.70, 0.00, 'debit_card', 'completed', 'Brasil', 'PR', null, null, 0.00, 26.73, 13.37, false, '{"ecommerce", "bastidores"}', '2024-01-30 10:25:00'),
('ORD032', 'Creative Live Action N', 'Carla Vieira', 'carla.vieira@email.com', '+5511688776655', 197.00, 177.30, 19.70, 0.00, 'pix', 'completed', 'Brasil', 'SC', 'AFF002', 'Mega Vendas', 39.40, 17.73, 8.87, true, '{"digital", "live"}', '2024-01-30 14:40:00'),
('ORD033', 'Creative Animation O', 'Márcio Barbosa', 'marcio.barbosa@email.com', '+5511677665544', 497.00, 447.30, 49.70, 0.00, 'credit_card', 'completed', 'Brasil', 'BA', null, null, 0.00, 44.73, 22.37, false, '{"premium", "animacao"}', '2024-01-31 09:15:00'),
('ORD034', 'Creative Stop Motion P', 'Daniela Reis', 'daniela.reis@email.com', '+5511666554433', 147.00, 132.30, 14.70, 0.00, 'boleto', 'completed', 'Brasil', 'GO', 'AFF005', 'Pro Vendedores', 29.40, 13.23, 6.62, true, '{"basico", "stop"}', '2024-01-31 13:55:00'),
('ORD035', 'Creative 360 Q', 'Vinícius Nunes', 'vinicius.nunes@email.com', '+5511655443322', 397.00, 357.30, 39.70, 0.00, 'pix', 'completed', 'Brasil', 'PE', null, null, 0.00, 35.73, 17.87, false, '{"intermediario", "360"}', '2024-02-01 11:30:00'),
('ORD036', 'Creative Interactive R', 'Tatiane Silva', 'tatiane.silva@email.com', '+5511644332211', 697.00, 627.30, 69.70, 0.00, 'credit_card', 'completed', 'Brasil', 'CE', 'AFF003', 'Super Afiliados', 139.40, 62.73, 31.37, true, '{"vip", "interativo"}', '2024-02-01 15:20:00');

-- Insert mock data for product_sales
INSERT INTO public.product_sales (
  order_id, product_id, product_name, sale_value, is_subscription, sale_date
) VALUES
('ORD001', 'PROD_001', 'Curso Completo de Marketing Digital', 297.00, false, '2024-01-15 10:30:00'),
('ORD002', 'PROD_002', 'Mentoria Individual 1 Mês', 197.00, true, '2024-01-15 14:22:00'),
('ORD003', 'PROD_003', 'Masterclass Avançado', 497.00, false, '2024-01-16 09:15:00'),
('ORD004', 'PROD_004', 'Acesso Premium Mensal', 147.00, true, '2024-01-16 16:45:00'),
('ORD005', 'PROD_001', 'Curso Completo de Marketing Digital', 297.00, false, '2024-01-17 11:20:00'),
('ORD006', 'PROD_005', 'Consultoria VIP Trimestral', 697.00, true, '2024-01-17 13:30:00'),
('ORD007', 'PROD_002', 'Mentoria Individual 1 Mês', 197.00, true, '2024-01-18 08:45:00'),
('ORD008', 'PROD_006', 'Workshop Intensivo', 397.00, false, '2024-01-18 15:10:00'),
('ORD009', 'PROD_004', 'Acesso Premium Mensal', 147.00, true, '2024-01-19 12:25:00'),
('ORD010', 'PROD_003', 'Masterclass Avançado', 497.00, false, '2024-01-19 17:40:00'),
('ORD011', 'PROD_001', 'Curso Completo de Marketing Digital', 297.00, false, '2024-01-20 10:15:00'),
('ORD012', 'PROD_002', 'Mentoria Individual 1 Mês', 197.00, true, '2024-01-20 14:50:00'),
('ORD013', 'PROD_005', 'Consultoria VIP Trimestral', 697.00, true, '2024-01-21 09:30:00'),
('ORD014', 'PROD_004', 'Acesso Premium Mensal', 147.00, true, '2024-01-21 16:20:00'),
('ORD015', 'PROD_006', 'Workshop Intensivo', 397.00, false, '2024-01-22 11:45:00'),
('ORD016', 'PROD_001', 'Curso Completo de Marketing Digital', 297.00, false, '2024-01-22 13:15:00'),
('ORD017', 'PROD_002', 'Mentoria Individual 1 Mês', 197.00, true, '2024-01-23 08:20:00'),
('ORD018', 'PROD_003', 'Masterclass Avançado', 497.00, false, '2024-01-23 15:35:00'),
('ORD019', 'PROD_004', 'Acesso Premium Mensal', 147.00, true, '2024-01-24 12:10:00'),
('ORD020', 'PROD_001', 'Curso Completo de Marketing Digital', 297.00, false, '2024-01-24 16:55:00'),
('ORD021', 'PROD_005', 'Consultoria VIP Trimestral', 697.00, true, '2024-01-25 10:40:00'),
('ORD022', 'PROD_002', 'Mentoria Individual 1 Mês', 197.00, true, '2024-01-25 14:25:00'),
('ORD023', 'PROD_006', 'Workshop Intensivo', 397.00, false, '2024-01-26 09:50:00'),
('ORD024', 'PROD_004', 'Acesso Premium Mensal', 147.00, true, '2024-01-26 13:30:00'),
('ORD025', 'PROD_003', 'Masterclass Avançado', 497.00, false, '2024-01-27 11:15:00'),
('ORD026', 'PROD_001', 'Curso Completo de Marketing Digital', 297.00, false, '2024-01-27 15:45:00'),
('PROD_ORDER_001', 'PROD_007', 'E-book Estratégias de Vendas', 47.00, false, '2024-01-28 09:20:00'),
('PROD_ORDER_002', 'PROD_008', 'Plano Anual Premium', 1497.00, true, '2024-01-28 11:35:00'),
('PROD_ORDER_003', 'PROD_009', 'Coaching Pessoal 3 Meses', 897.00, true, '2024-01-29 14:10:00'),
('PROD_ORDER_004', 'PROD_010', 'Template Pack Completo', 127.00, false, '2024-01-29 16:45:00');

-- Insert mock data for subscription_events
INSERT INTO public.subscription_events (
  subscription_id, customer_id, customer_email, customer_name, event_type,
  plan, amount, currency, frequency, payment_method, event_date,
  subscription_number, cartpanda_event_id, metadata
) VALUES
('SUB_001', 'CUST_001', 'joao.silva@email.com', 'João Silva', 'subscription_created', 'Mentoria Individual', 197.00, 'BRL', 'monthly', 'credit_card', '2024-01-15 14:22:00', 1, 'cp_ev_001', '{"source": "facebook_ads", "utm_campaign": "jan2024"}'),
('SUB_002', 'CUST_002', 'ana.oliveira@email.com', 'Ana Oliveira', 'subscription_created', 'Acesso Premium', 147.00, 'BRL', 'monthly', 'pix', '2024-01-16 16:45:00', 1, 'cp_ev_002', '{"source": "google_ads", "utm_campaign": "premium"}'),
('SUB_003', 'CUST_003', 'fernanda.souza@email.com', 'Fernanda Souza', 'subscription_created', 'Consultoria VIP', 697.00, 'BRL', 'quarterly', 'credit_card', '2024-01-17 13:30:00', 1, 'cp_ev_003', '{"source": "organic", "utm_campaign": "vip"}'),
('SUB_004', 'CUST_004', 'juliana.mendes@email.com', 'Juliana Mendes', 'subscription_created', 'Mentoria Individual', 197.00, 'BRL', 'monthly', 'debit_card', '2024-01-18 15:10:00', 1, 'cp_ev_004', '{"source": "instagram", "utm_campaign": "stories"}'),
('SUB_005', 'CUST_005', 'marcos.rodrigues@email.com', 'Marcos Rodrigues', 'subscription_created', 'Acesso Premium', 147.00, 'BRL', 'monthly', 'pix', '2024-01-19 12:25:00', 1, 'cp_ev_005', '{"source": "youtube", "utm_campaign": "videos"}'),
('SUB_006', 'CUST_006', 'larissa.barbosa@email.com', 'Larissa Barbosa', 'subscription_created', 'Mentoria Individual', 197.00, 'BRL', 'monthly', 'boleto', '2024-01-20 14:50:00', 1, 'cp_ev_006', '{"source": "email", "utm_campaign": "newsletter"}'),
('SUB_007', 'CUST_007', 'thiago.cardoso@email.com', 'Thiago Cardoso', 'subscription_created', 'Consultoria VIP', 697.00, 'BRL', 'quarterly', 'credit_card', '2024-01-21 09:30:00', 1, 'cp_ev_007', '{"source": "referral", "utm_campaign": "indicacao"}'),
('SUB_008', 'CUST_008', 'bianca.rocha@email.com', 'Bianca Rocha', 'subscription_created', 'Acesso Premium', 147.00, 'BRL', 'monthly', 'pix', '2024-01-21 16:20:00', 1, 'cp_ev_008', '{"source": "linkedin", "utm_campaign": "b2b"}'),
('SUB_009', 'CUST_009', 'natalia.freitas@email.com', 'Natália Freitas', 'subscription_created', 'Mentoria Individual', 197.00, 'BRL', 'monthly', 'credit_card', '2024-01-22 13:15:00', 1, 'cp_ev_009', '{"source": "tiktok", "utm_campaign": "viral"}'),
('SUB_010', 'CUST_010', 'vanessa.castro@email.com', 'Vanessa Castro', 'subscription_created', 'Plano Anual Premium', 1497.00, 'BRL', 'yearly', 'credit_card', '2024-01-28 11:35:00', 1, 'cp_ev_010', '{"source": "facebook_ads", "utm_campaign": "anual"}'),
('SUB_001', 'CUST_001', 'joao.silva@email.com', 'João Silva', 'subscription_renewed', 'Mentoria Individual', 197.00, 'BRL', 'monthly', 'credit_card', '2024-02-15 14:22:00', 2, 'cp_ev_011', '{"renewal_count": 1, "auto_renewal": true}'),
('SUB_002', 'CUST_002', 'ana.oliveira@email.com', 'Ana Oliveira', 'subscription_renewed', 'Acesso Premium', 147.00, 'BRL', 'monthly', 'pix', '2024-02-16 16:45:00', 2, 'cp_ev_012', '{"renewal_count": 1, "auto_renewal": true}'),
('SUB_004', 'CUST_004', 'juliana.mendes@email.com', 'Juliana Mendes', 'subscription_renewed', 'Mentoria Individual', 197.00, 'BRL', 'monthly', 'debit_card', '2024-02-18 15:10:00', 2, 'cp_ev_013', '{"renewal_count": 1, "auto_renewal": true}'),
('SUB_005', 'CUST_005', 'marcos.rodrigues@email.com', 'Marcos Rodrigues', 'subscription_canceled', 'Acesso Premium', 0.00, 'BRL', 'monthly', 'pix', '2024-02-10 10:30:00', 1, 'cp_ev_014', '{"cancellation_reason": "financial", "cancelled_by": "customer"}'),
('SUB_006', 'CUST_006', 'larissa.barbosa@email.com', 'Larissa Barbosa', 'subscription_renewed', 'Mentoria Individual', 197.00, 'BRL', 'monthly', 'boleto', '2024-02-20 14:50:00', 2, 'cp_ev_015', '{"renewal_count": 1, "auto_renewal": false}'),
('SUB_008', 'CUST_008', 'bianca.rocha@email.com', 'Bianca Rocha', 'subscription_canceled', 'Acesso Premium', 0.00, 'BRL', 'monthly', 'pix', '2024-02-05 09:15:00', 1, 'cp_ev_016', '{"cancellation_reason": "not_satisfied", "cancelled_by": "customer"}'),
('SUB_009', 'CUST_009', 'natalia.freitas@email.com', 'Natália Freitas', 'subscription_renewed', 'Mentoria Individual', 197.00, 'BRL', 'monthly', 'credit_card', '2024-02-22 13:15:00', 2, 'cp_ev_017', '{"renewal_count": 1, "auto_renewal": true}'),
('SUB_011', 'CUST_011', 'patricia.gomes@email.com', 'Patrícia Gomes', 'subscription_created', 'Coaching Pessoal', 897.00, 'BRL', 'quarterly', 'credit_card', '2024-01-29 14:10:00', 1, 'cp_ev_018', '{"source": "webinar", "utm_campaign": "coaching"}'),
('SUB_001', 'CUST_001', 'joao.silva@email.com', 'João Silva', 'subscription_renewed', 'Mentoria Individual', 197.00, 'BRL', 'monthly', 'credit_card', '2024-03-15 14:22:00', 3, 'cp_ev_019', '{"renewal_count": 2, "auto_renewal": true}'),
('SUB_002', 'CUST_002', 'ana.oliveira@email.com', 'Ana Oliveira', 'subscription_canceled', 'Acesso Premium', 0.00, 'BRL', 'monthly', 'pix', '2024-03-10 12:30:00', 2, 'cp_ev_020', '{"cancellation_reason": "changed_plans", "cancelled_by": "customer"}'),
('SUB_012', 'CUST_012', 'carlos.monteiro@email.com', 'Carlos Monteiro', 'subscription_created', 'Acesso Premium', 147.00, 'BRL', 'monthly', 'credit_card', '2024-02-05 16:20:00', 1, 'cp_ev_021', '{"source": "affiliate", "utm_campaign": "feb2024"}'),
('SUB_013', 'CUST_013', 'maria.costa@email.com', 'Maria Costa', 'subscription_created', 'Mentoria Individual', 197.00, 'BRL', 'monthly', 'pix', '2024-02-08 11:45:00', 1, 'cp_ev_022', '{"source": "direct", "utm_campaign": "feb_promo"}'),
('SUB_014', 'CUST_014', 'rafael.santos@email.com', 'Rafael Santos', 'subscription_created', 'Consultoria VIP', 697.00, 'BRL', 'quarterly', 'boleto', '2024-02-12 14:30:00', 1, 'cp_ev_023', '{"source": "podcast", "utm_campaign": "vip_feb"}');

-- Insert mock data for subscription_renewals
INSERT INTO public.subscription_renewals (
  subscription_id, customer_id, customer_email, customer_name, plan,
  amount, currency, frequency, subscription_status, subscription_number,
  canceled_at, created_at
) VALUES
('SUB_001', 'CUST_001', 'joao.silva@email.com', 'João Silva', 'Mentoria Individual', 197.00, 'BRL', 'monthly', 'active', 3, null, '2024-03-15 14:22:00'),
('SUB_003', 'CUST_003', 'fernanda.souza@email.com', 'Fernanda Souza', 'Consultoria VIP', 697.00, 'BRL', 'quarterly', 'active', 1, null, '2024-01-17 13:30:00'),
('SUB_004', 'CUST_004', 'juliana.mendes@email.com', 'Juliana Mendes', 'Mentoria Individual', 197.00, 'BRL', 'monthly', 'active', 2, null, '2024-02-18 15:10:00'),
('SUB_006', 'CUST_006', 'larissa.barbosa@email.com', 'Larissa Barbosa', 'Mentoria Individual', 197.00, 'BRL', 'monthly', 'active', 2, null, '2024-02-20 14:50:00'),
('SUB_007', 'CUST_007', 'thiago.cardoso@email.com', 'Thiago Cardoso', 'Consultoria VIP', 697.00, 'BRL', 'quarterly', 'active', 1, null, '2024-01-21 09:30:00'),
('SUB_009', 'CUST_009', 'natalia.freitas@email.com', 'Natália Freitas', 'Mentoria Individual', 197.00, 'BRL', 'monthly', 'active', 2, null, '2024-02-22 13:15:00'),
('SUB_010', 'CUST_010', 'vanessa.castro@email.com', 'Vanessa Castro', 'Plano Anual Premium', 1497.00, 'BRL', 'yearly', 'active', 1, null, '2024-01-28 11:35:00'),
('SUB_011', 'CUST_011', 'patricia.gomes@email.com', 'Patrícia Gomes', 'Coaching Pessoal', 897.00, 'BRL', 'quarterly', 'active', 1, null, '2024-01-29 14:10:00'),
('SUB_012', 'CUST_012', 'carlos.monteiro@email.com', 'Carlos Monteiro', 'Acesso Premium', 147.00, 'BRL', 'monthly', 'active', 1, null, '2024-02-05 16:20:00'),
('SUB_013', 'CUST_013', 'maria.costa@email.com', 'Maria Costa', 'Mentoria Individual', 197.00, 'BRL', 'monthly', 'active', 1, null, '2024-02-08 11:45:00'),
('SUB_014', 'CUST_014', 'rafael.santos@email.com', 'Rafael Santos', 'Consultoria VIP', 697.00, 'BRL', 'quarterly', 'active', 1, null, '2024-02-12 14:30:00'),
('SUB_005', 'CUST_005', 'marcos.rodrigues@email.com', 'Marcos Rodrigues', 'Acesso Premium', 147.00, 'BRL', 'monthly', 'canceled', 1, '2024-02-10 10:30:00', '2024-01-19 12:25:00'),
('SUB_008', 'CUST_008', 'bianca.rocha@email.com', 'Bianca Rocha', 'Acesso Premium', 147.00, 'BRL', 'monthly', 'canceled', 1, '2024-02-05 09:15:00', '2024-01-21 16:20:00'),
('SUB_002', 'CUST_002', 'ana.oliveira@email.com', 'Ana Oliveira', 'Acesso Premium', 147.00, 'BRL', 'monthly', 'canceled', 2, '2024-03-10 12:30:00', '2024-01-16 16:45:00'),
('SUB_015', 'CUST_015', 'lucas.ferreira@email.com', 'Lucas Ferreira', 'Mentoria Individual', 197.00, 'BRL', 'monthly', 'pending', 1, null, '2024-02-25 10:15:00'),
('SUB_016', 'CUST_016', 'amanda.silva@email.com', 'Amanda Silva', 'Acesso Premium', 147.00, 'BRL', 'monthly', 'pending', 1, null, '2024-02-28 16:30:00'),
('SUB_017', 'CUST_017', 'pedro.rodrigues@email.com', 'Pedro Rodrigues', 'Consultoria VIP', 697.00, 'BRL', 'quarterly', 'trialing', 1, null, '2024-03-01 09:45:00'),
('SUB_018', 'CUST_018', 'carla.santos@email.com', 'Carla Santos', 'Mentoria Individual', 197.00, 'BRL', 'monthly', 'trialing', 1, null, '2024-03-03 14:20:00'),
('SUB_019', 'CUST_019', 'gabriel.lima@email.com', 'Gabriel Lima', 'Acesso Premium', 147.00, 'BRL', 'monthly', 'active', 1, null, '2024-03-05 11:10:00'),
('SUB_020', 'CUST_020', 'isabela.costa@email.com', 'Isabela Costa', 'Plano Anual Premium', 1497.00, 'BRL', 'yearly', 'active', 1, null, '2024-03-07 15:55:00');

-- Insert mock data for subscription_status
INSERT INTO public.subscription_status (
  subscription_id, customer_id, customer_email, customer_name, plan,
  amount, currency, frequency, subscription_status, subscription_number,
  canceled_at, created_at
) VALUES
('SUB_001', 'CUST_001', 'joao.silva@email.com', 'João Silva', 'Mentoria Individual', 197.00, 'BRL', 'monthly', 'active', 3, null, '2024-01-15 14:22:00'),
('SUB_003', 'CUST_003', 'fernanda.souza@email.com', 'Fernanda Souza', 'Consultoria VIP', 697.00, 'BRL', 'quarterly', 'active', 1, null, '2024-01-17 13:30:00'),
('SUB_004', 'CUST_004', 'juliana.mendes@email.com', 'Juliana Mendes', 'Mentoria Individual', 197.00, 'BRL', 'monthly', 'active', 2, null, '2024-01-18 15:10:00'),
('SUB_006', 'CUST_006', 'larissa.barbosa@email.com', 'Larissa Barbosa', 'Mentoria Individual', 197.00, 'BRL', 'monthly', 'active', 2, null, '2024-01-20 14:50:00'),
('SUB_007', 'CUST_007', 'thiago.cardoso@email.com', 'Thiago Cardoso', 'Consultoria VIP', 697.00, 'BRL', 'quarterly', 'active', 1, null, '2024-01-21 09:30:00'),
('SUB_009', 'CUST_009', 'natalia.freitas@email.com', 'Natália Freitas', 'Mentoria Individual', 197.00, 'BRL', 'monthly', 'active', 2, null, '2024-01-22 13:15:00'),
('SUB_010', 'CUST_010', 'vanessa.castro@email.com', 'Vanessa Castro', 'Plano Anual Premium', 1497.00, 'BRL', 'yearly', 'active', 1, null, '2024-01-28 11:35:00'),
('SUB_011', 'CUST_011', 'patricia.gomes@email.com', 'Patrícia Gomes', 'Coaching Pessoal', 897.00, 'BRL', 'quarterly', 'active', 1, null, '2024-01-29 14:10:00'),
('SUB_012', 'CUST_012', 'carlos.monteiro@email.com', 'Carlos Monteiro', 'Acesso Premium', 147.00, 'BRL', 'monthly', 'active', 1, null, '2024-02-05 16:20:00'),
('SUB_013', 'CUST_013', 'maria.costa@email.com', 'Maria Costa', 'Mentoria Individual', 197.00, 'BRL', 'monthly', 'active', 1, null, '2024-02-08 11:45:00'),
('SUB_014', 'CUST_014', 'rafael.santos@email.com', 'Rafael Santos', 'Consultoria VIP', 697.00, 'BRL', 'quarterly', 'active', 1, null, '2024-02-12 14:30:00'),
('SUB_019', 'CUST_019', 'gabriel.lima@email.com', 'Gabriel Lima', 'Acesso Premium', 147.00, 'BRL', 'monthly', 'active', 1, null, '2024-03-05 11:10:00'),
('SUB_020', 'CUST_020', 'isabela.costa@email.com', 'Isabela Costa', 'Plano Anual Premium', 1497.00, 'BRL', 'yearly', 'active', 1, null, '2024-03-07 15:55:00'),
('SUB_005', 'CUST_005', 'marcos.rodrigues@email.com', 'Marcos Rodrigues', 'Acesso Premium', 147.00, 'BRL', 'monthly', 'canceled', 1, '2024-02-10 10:30:00', '2024-01-19 12:25:00'),
('SUB_008', 'CUST_008', 'bianca.rocha@email.com', 'Bianca Rocha', 'Acesso Premium', 147.00, 'BRL', 'monthly', 'canceled', 1, '2024-02-05 09:15:00', '2024-01-21 16:20:00'),
('SUB_002', 'CUST_002', 'ana.oliveira@email.com', 'Ana Oliveira', 'Acesso Premium', 147.00, 'BRL', 'monthly', 'canceled', 2, '2024-03-10 12:30:00', '2024-01-16 16:45:00'),
('SUB_015', 'CUST_015', 'lucas.ferreira@email.com', 'Lucas Ferreira', 'Mentoria Individual', 197.00, 'BRL', 'monthly', 'pending', 1, null, '2024-02-25 10:15:00'),
('SUB_016', 'CUST_016', 'amanda.silva@email.com', 'Amanda Silva', 'Acesso Premium', 147.00, 'BRL', 'monthly', 'pending', 1, null, '2024-02-28 16:30:00'),
('SUB_017', 'CUST_017', 'pedro.rodrigues@email.com', 'Pedro Rodrigues', 'Consultoria VIP', 697.00, 'BRL', 'quarterly', 'trialing', 1, null, '2024-03-01 09:45:00'),
('SUB_018', 'CUST_018', 'carla.santos@email.com', 'Carla Santos', 'Mentoria Individual', 197.00, 'BRL', 'monthly', 'trialing', 1, null, '2024-03-03 14:20:00'),
('SUB_021', 'CUST_021', 'renato.oliveira@email.com', 'Renato Oliveira', 'Acesso Premium', 147.00, 'BRL', 'monthly', 'past_due', 1, null, '2024-02-15 12:40:00'),
('SUB_022', 'CUST_022', 'beatriz.lima@email.com', 'Beatriz Lima', 'Mentoria Individual', 197.00, 'BRL', 'monthly', 'past_due', 1, null, '2024-02-20 09:25:00'),
('SUB_023', 'CUST_023', 'eduardo.pereira@email.com', 'Eduardo Pereira', 'Consultoria VIP', 697.00, 'BRL', 'quarterly', 'paused', 1, null, '2024-01-30 16:10:00'),
('SUB_024', 'CUST_024', 'monica.santos@email.com', 'Mônica Santos', 'Acesso Premium', 147.00, 'BRL', 'monthly', 'paused', 1, null, '2024-02-10 13:50:00'),
('SUB_025', 'CUST_025', 'andre.silva@email.com', 'André Silva', 'Plano Anual Premium', 1497.00, 'BRL', 'yearly', 'incomplete', 1, null, '2024-03-10 11:20:00');